103965195_678470411	Шпатель фасадный Эксперт 100 мм, нержавеющая сталь, пластик арт. EXPRO 3110	Эксперт	490	1
110713268_633645993	Коронка Эксперт 1425-16 1 шт	Эксперт	1200	1
112228283_780931926	PUFAS концентрат-колер, 08 зеленый, 20 мл	pufas	1990	10
101246620_821436848	PUFAS концентрат-колер, 9 синий, 20 мл	pufas	1600	9
137815506_557117346	Эксперт бокорезы 51405-160 160 мм	Эксперт	2600	1
143069246_365217819	ExProfil саморез по дереву (3.5х25 мм), 210 шт.	exprofil	800	36
104253858_880921912	Сверло Эксперт 1424-060-04 4x60 мм	Эксперт	690	1
142622159_274023168	Tulex шлифовальный лист P240 (280х230 мм), 5 шт	Tulex	745	1
104631087_035765723	Эксперт ведро строительное 16 л, 120-16	Эксперт	1200	3
105727800_544707597	Сверло Эксперт 1424-080-08 8x80 мм	Эксперт	1100	1
109921872_326403028	Коронка Эксперт 1425-30 1 шт	Эксперт	2300	1
132800992_616274824	Кисть плоская (КП) Tulex 38 мм, 1 шт. арт.121038	Tulex	500	7
101274646_944473057	Эксперт молоток ЭКСПЕРТ 593-05	Эксперт	2350	1
100359259_500438292	TYTAN краска 400 мл серый	tytan	2200	33
146413781_560615090	Профиль Stynergy направляющий ПН 100/40, 0.6 мм	Stynergy	15990	35
127655154	Бур SDS-plus Эксперт Эксперт Бур по бетону, хвостовик SDS-Plus, 7 х 160 мм, 9х160 мм, 1 шт	ekspert	900	1
339156589	Валик фасадный Tulex 2153825 1 шт	tulex	2400	1
118166635_249248861	Герметик Akfix Bitum, цвет черный 310 мл	Akfix	5900	24
163008409	Шуруп по гипсокартону (3.5х50 мм), 100 шт.		495	38
152611667_989914531	Tulex лепестковый диск 85231-115-40 115x22.2 мм 1 шт	Tulex	450	1
904148188	Tulex кувалда 5052009	tulex	6250	1
110036165_465679688	Кисть плоская (КП) Эксперт 38 мм, 1 шт. арт.17038	Эксперт	600	12
108802557_280104785	Эксперт набор отверток ,диэлектрическая, с магнитным наконечником 149303-S42, 42 шт.	Эксперт	10900	1
106275251_368354484	Шпатель фасадный Tulex 250 мм, нержавеющая сталь арт. 3001125	Tulex	2290	1
104253664_202111486	Сверло Эксперт 144-152-25 25x152 мм	Эксперт	580	1
103878964_188630891	Эксперт рашпиль 5742-20-2 1 шт 200 мм	Эксперт	1990	1
101274581_948490944	Эксперт кувалда 51101-20	Эксперт	5420	1
132778123_091930055	Коронка Tulex 601013-064 биметаллическая D 64 мм, 1 шт	Tulex	4750	1
104015196_308670495	Эксперт абразивный 191-125-6 125x22 мм	Эксперт	990	5
101634945_755813741	Пильный диск по дереву Эксперт 175-180-48Т-22, 180x22.23 мм, 48Т	Эксперт	2700	1
109921751_424387068	Коронка Эксперт 1425-10 1 шт	Эксперт	990	1
139704936_371406634	Tulex отвертка 5021820 SL8х200 мм	Tulex	2900	1
114431501_371224934	Профиль Кармет направляющий ПН 75/40 (3м) усиленный	Кармет	2890	12
103088672_965478742	Насадка-миксер Эксперт 51840 80 мм	ekspert	1890	2
102035924_390189648	Краска Alina Paint водоэмульсионная UNI 7 кг, белый цвет	alina-paint	12000	3
100251611_193713350	Эксперт ножовка по дереву 57105-40	Эксперт	2690	1
139198419_017757505	Akfix клей-аэрозоль Ga0655 500 мл бесцветный	akfix	3500	20
101246628_819461859	PUFAS концентрат-колер, 5 оксид-охра, 20 мл	PUFAS	1990	10
120590867_097543252	Сверло Tulex по керамической плитке 6011212 12 мм, 1 шт.	Tulex	1300	1
100306234_164704586	Эксперт 171-115 115х22.2 мм	Эксперт	1450	1
151956336_830452477	Стержни для клеевого пистолета 11мм х 29 см	Без бренда	3450	25
147068804_927586429	Эксперт рулетка бытовая 7503, 3 м х 16 мм	Эксперт	1000	1
109105697_631201995	Коронка Эксперт 1425-35 1 шт	Эксперт	2200	1
109921591_986039513	Коронка Эксперт 1425-12 1 шт	Эксперт	1050	1
101602236_586174698	Сверло Эксперт 142-065-6	Эксперт	700	1
367087632	Зарядное устройство NP-FZ100		15000	1
138042757_064057192	Эксперт бур 610-160-12 (SDS-plus, 12х110х160 мм) 1 шт	Эксперт	1090	1
107427570_223608460	Сверло Эксперт 144-152-30 1 шт	Эксперт	750	1
138027971_698269536	Краска NORMA водоэмульсионная Stronga для стен и потолков 15 кг, белый цвет	norma-strojka	7950	1
101600474_737283905	Герметик Akfix AC605 универсальный, цвет белый 310 мл	Akfix	1090	24
109702692_884855884	Диск отрезной абразивный 180x22х1.6 мм, Tulex 8006180	Tulex	570	10
152089829_239794432	Tulex шлифовальная лента в рулоне P60 (5000х100 мм), 1 шт	Tulex	1290	1
119241655_073466297	Tulex отвертка 5021610 SL6.3х100 мм	Tulex	1500	1
109099290_499690074	Akfix краска Spray Paint белый 400 мл	akfix	2500	3
110743759_640258663	Tulex PRO ножовка по металлу 5012130	Tulex	3760	1
145126710_112920085	Коронка Tulex 601013-032 биметаллическая D 32 мм, 1 шт	Tulex	2450	1
109915443_256244418	Коронка Эксперт 1425-20 1 шт	Эксперт	1700	1
117394963_060964034	Сверло Эксперт перьевое, по дереву 144-152-26 26 мм, 1 шт.	Эксперт	800	1
822699752	Бур SDS-plus Эксперт ЭКСПЕРТ Бур по бетону, хвостовик, 610-210-12, SDS-Plus, 12x210 мм, 12х210 мм, 1 шт	ekspert	1200	1
120192042_298672467	Ножницы строительные Tulex 5006325	Tulex	5800	1
149151108_453129559	Герметик TYTAN 47526V01, цвет белый 280 мл	tytan	2450	53
101457313_372089924	PUFAS концентрат-колер, 23 темно-коричневый, 20 мл	PUFAS	1990	10
142739158_810019785	Коронка Эксперт 1425-68 алмазная D 68 мм, 1 шт	Эксперт	4300	1
106092889_468307322	Akfix краска Spray Paint зеленый 400 мл	Akfix	2500	6
100907091_019774014	Профиль КМК ГКЛ ПН 28x27 3 м	КМК	850	24
646738503	Шуруп по дереву (4.2х70 мм), 100 шт.		590	40
132778124_612684837	Коронка Tulex 601013-067 биметаллическая D 67 мм, 1 шт	Tulex	4450	1
135086751_800319797	Tulex лезвие для монтажного ножа 8210818 10 шт	Tulex	540	10
118463260_212745370	Tulex длинногубцы изогнутые тонкогубцы 5003016 160 мм	Tulex	2190	1
115269583_004877967	Эксперт киянка 542-680	Эксперт	3200	1
101274691_958242899	ЭКСПЕРТ 51401-160	Эксперт	2350	1
100215837_269438568	Краска Gaudi Paint водно-дисперсионная Белоснежка 7 кг, белый	gaudipaint	4550	1
100624927_524004133	Alina Paint эмаль матовая Emalika 3 кг, тон белый	Alina Paint	10850	1
106145759_741784254	Эксперт 264-15 15 м	Эксперт	2750	1
101246738_402833203	PUFAS концентрат-колер, 11 фиолетовый, 20 мл	PUFAS	1990	10
106092777_182284454	Akfix краска Spray Paint черный 400 мл	Akfix	2450	5
101599443_332334340	Эксперт 753-080 80 см	Эксперт	3200	1
226944508	Панель ЛДСП ЛДСП 2750x1830x16 мм		17000	10
123471161_947015264	Клей Penosil полимерный SpeedFix High Tack 707 280 мл	Penosil	2700	12
101902515_048275128	Кисть флейцевая (КФ) Эксперт 61 мм, 1 шт. арт.11063	Эксперт	345	12
105733436_625082145	Эксперт набор бит 147250-02 2 шт	Эксперт	900	1
105919621_211286212	Эксперт рашпиль 5741-20-2 1 шт	Эксперт	1230	1
49334986	Кисть плоская (КП) Эксперт 63 мм, 12 шт. арт.18063	ekspert	800	12
152613049_650703492	Tulex лепестковый диск 85231-125-24 125x22.2 мм 1 шт	Tulex	490	1
101602357_441938984	Герметик Akfix 100S санитарный, цвет прозрачный 280 мл	Akfix	2750	24
100827868_847790718	AlinEX клей Set 300, 25 кг	alinex	4000	38
101844747_870293636	Профиль Knauf направляющий ПН 28/27, 0.6 мм	knauf	1300	4
116155340_130048283	Сверло Tulex по металлу 60121-3-S2 3 мм, 2 шт.	Tulex	590	1
101250586_650289533	PUFAS концентрат-колер, 41 малиновый, 20 мл	PUFAS	1990	10
120856435_813700552	Сверло Tulex по керамической плитке 6011208 8 мм, 1 шт.	Tulex	970	1
107573176_760663305	TYTAN краска Art Of The Colour зеленый темно-зеленый 400 мл	tytan	1630	12
107573214_530156616	TYTAN краска Art Of The Colour серебристый хром эффект 400 мл	tytan	2066	43
116304190_849974259	Tulex 8015125-36 125x22.23 мм, 36Т	Tulex	2400	1
108914755_531850081	Akfix пена 807Р многоцелевая зимняя, 850 мл 1 шт	Akfix	3250	12
114968655_865402226	Герметик TYTAN Classic fix, цвет прозрачный 310 мл	tytan	2870	53
106057180_889676835	Эксперт киянка 531-900	Эксперт	3400	1
692383226	Герметик Akfix Силиконовый герметик (прозрачный) 310мл, цвет прозрачный 310 мл	akfix	2500	24
120192034_947670506	Ножницы строительные Tulex 5006125	Tulex	4900	1
101274582_195513181	Эксперт кувалда тупоносая слесарная 51102-15 1.5 кг	Эксперт	4990	1
104898149_275732338	Эксперт монтажный нож РР8118 1 шт	Эксперт	565	1
101929882_479997103	Ножницы строительные Эксперт 51602-250	Эксперт	3500	1
103627156_800345036	Akfix клей-аэрозоль Ga055 100 мл бесцветный	akfix	1000	44
108300382_829457709	Диск отрезной абразивный 125x22х1.2 мм, Tulex 8002125	Tulex	655	10
116139955_496220032	Сверло Tulex по металлу 60121-5-S2 5 мм, 2 шт.	Tulex	1090	1
134457146_472926942	Эксперт киянка 541-900	Эксперт	5900	1
101246696_590092066	PUFAS концентрат-колер, 44 бирюзовый, 20 мл	pufas	1990	9
115703343_581087342	Дрель ударная Tulex 550 Вт. TD-550	tulex	14000	1
134983543_411211539	Tulex лепестковый диск 85231-180-24 180x22.2 мм 1 шт	Tulex	1590	1
104389485_546483310	Эксперт терка 1516-105 1 шт	Эксперт	2700	1
853709326	SIMYACIBASI универсальный Клей контактный 3 кг 3 кг	simyacibasi	15000	1
101603196_272257554	Герметик Akfix 100Е универсальный, цвет белый 50 мл	Akfix	900	24
100274354_981053277	Эксперт 57202-30 300 мм	Эксперт	2200	1
525413819	Сумка хобо канвас серый, коричневый		3500	2
110108772_391598566	Сверло Эксперт 1441-32 1 шт	Эксперт	1500	1
145144617_138717677	PUFAS концентрат-колер, 19- верблюжий, 20 мл	pufas	1990	10
114884328_813640103	ExProfil саморез (4.2х13 мм), 230 шт.	exprofil	830	36
139994615_432022583	Валик декоративный Эксперт DECOR 2007 1 шт	Эксперт	620	1
121633155_773865499	ExProfil саморез по дереву (3.5х50 мм), 130 шт.	ExProfil	600	21
135807504_097152209	Шлифовальный круг Tulex 125 мм, абразивный материал Р400 5 шт	Tulex	590	1
106169955_876999659	Кисть плоская (КП) Эксперт 63 мм, 1 шт. арт.12063	Эксперт	1200	12
103929009_118451895	Валик малярный Эксперт TexPro 2225 1 шт	Эксперт	1850	1
159500605_828454703	Совковая лопата 90121-0, рельсовая сталь	Без бренда	2350	2
116304036_585399589	Кисть макловица (КМА) Tulex 30 мм, 1 шт. арт.1010312	Tulex	1090	1
152828941_225732305	Tulex ножовка по дереву 5011050 500 мм	Tulex	4600	1
101274640_200355476	Эксперт молоток слесарный тупоносая ЭКСПЕРТ 59002-10	Эксперт	4010	1
104327595_931025304	Герметик Akfix 100Е универсальный, цвет прозрачный 280 мл	akfix	1285	23
104364942_881192272	Валик малярный Эксперт Velur 2418 1шт	Эксперт	1990	1
135804351_028639890	Шлифовальный круг Tulex 125 мм, абразивный материал Р240 5 шт	Tulex	590	1
109488865_319685019	Tulex кувалда слесарный тупоносая 5052020 2 кг	tulex	6285	1
119873078_779694021	Шпатель малярный Tulex 80 мм, нержавеющая сталь арт. 3001208	Tulex	800	1
106763159_612542685	BUDPRO пена FS-45, 575 мл 1 шт	BUDPRO	2400	12
107362807_860486648	Кельма для штукатурки РемоКолор 28-1-319	РемоКолор	1390	1
100303007_184085366	Эксперт 57105-50 500 мм	Эксперт	2990	1
152060126_695254185	Penosil пена Gap Filling Strawfoam 278, 650 мл 1 шт	Penosil	2500	10
119873050_752828262	Шпатель малярный Tulex 60 мм, нержавеющая сталь арт. 3001206	Tulex	500	1
101902546_287563026	Кисть плоская (КП) Эксперт 100 мм, 1 шт. арт.101902546	Эксперт	840	12
144686648_565550954	Шпатель фасадный Tulex 350 мм, нержавеющая сталь арт. фасадный, нержавеющий 350мм 3001235	Tulex	880	1
624726999	SIMYACIBASI универсальный Клей контактный 13 кг 13 кг	simyacibasi	58000	1
113457799_861841036	Tulex монтажный нож 8112018 1 шт	tulex	1040	5
120915259_112017081	Эксперт совковая лопата 0003-1	Эксперт	1600	2
132777201_516311137	Кисть макловица (КМА) Tulex 40 мм, 1 шт. арт.1010414	Tulex	1725	1
100261239_979636163	Эксперт отвертка с магнитным наконечником 149102-1-100 PH1х100 мм, 1 шт.	Эксперт	890	1
117896878_973978597	Герметик TYTAN Универсальный, цвет черный 280 мл	tytan	2450	36
108980112_467649569	Клей Akfix эпоксидный Е300 25 г	Akfix	2950	12
109490803_613012905	Tulex молоток столярный тупоносая 5051056 0.56 кг	Tulex	3750	1
139704901_559327907	Tulex отвертка 5022210 PH2х100 мм	Tulex	1520	1
142175815_158409072	Шпатель малярный Эксперт 40 мм, нержавеющая сталь арт. 3104	Эксперт	240	1
145126712_464674107	Коронка Tulex 601013-025 биметаллическая D 25 мм, 1 шт	Tulex	2020	1
101274645_569661546	Эксперт молоток ЭКСПЕРТ 593-03	Эксперт	1750	1
690209083	Плиткорез механический Эксперт 47151	ekspert	2500	1
105727744_043545916	Сверло Эксперт 1424-075-06 6x75 мм	Эксперт	950	1
151735681_720478279	Сверло Tulex по стеклу 6012410 10 мм, 1 шт.	Tulex	2000	1
115721167_475992640	Шлифмашина угловая Tulex TG-180-1.6	Tulex	25400	1
105096973_569250193	Герметик TYTAN для экстренного ремонта кровли, цвет прозрачный 310 мл	tytan	2490	22
730597280	Кисть плоская (КП) Tulex 6 мм, 12 шт. арт.110025	tulex	880	11
110013086_497345766	Эксперт бита 147148-10 1 шт	Эксперт	420	1
119895360_255326107	Коронка Tulex 60113-20 алмазная D 20 мм, 1 шт	Tulex	1980	1
705607884	Шлифовальный круг Tulex 180 мм, оксид алюминия Р80, 1 шт. арт. Круг лепестковый торцевой конический TULEX	tulex	1500	1
331200298	Шпатель фасадный Tulex 150 мм, нержавеющая сталь арт. Шпатель фасадный нержавеющий 150мм TULEX 3001215	tulex	750	1
109567666_028096665	Валик малярный Эксперт DECOR 2016 1 шт	Эксперт	1200	1
104398835_753733523	Пильный диск по дереву Эксперт 175-110-50Т-22, 110x22.23 мм, 50Т	Эксперт	2485	1
143152618_400097844	Штроборез Tulex TWC-125-1.4-1	Tulex	51500	1
135912991_498059828	Tulex лепестковый диск 85231-125-80 125x22.2 мм 1 шт	Tulex	790	1
100523664_030310443	Краска Alina Paint водоэмульсионная Optima 7 кг, белый цвет	Alina Paint	6999	5
104406525_513886212	Шпатель малярный Эксперт 80 мм, нержавеющая сталь арт. 3108	Эксперт	400	1
117363317_830848783	Профиль Стоечный ПС 50/50		1500	69
118042991_701350930	Сверло Эксперт по дереву 1441-22 22 мм, 1 шт.	Эксперт	1000	1
132801499_230454443	Сверло Tulex по металлу 60121-S13 8 мм, 13 шт.	Tulex	7550	1
152331977_057273492	Эксперт набор бит 147110-08-S2 2 шт	Эксперт	1100	1
114838404_792409347	Сверло Эксперт по дереву 143-140-12 12 мм, 1 шт.	Эксперт	490	1
101250581_268753061	PUFAS концентрат-колер, 21 землянисто-коричневый, 20 мл	pufas	1500	8
101902514_825462617	Кисть флейцевая (КФ) Эксперт 50 мм, 1 шт. арт.Универсал 11050	Эксперт	390	11
152361822_417764240	Шлифовальный круг Tulex 125 мм, абразивный материал Р240, 5 шт. арт. 85201-125-240	Tulex	345	1
104253674_628220022	Сверло Эксперт 144-152-40 40x152 мм	Эксперт	1000	1
105500231_125838236	Клеевой пистолет Эксперт 4407-10	Эксперт	2600	1
100799807_864477274	TYTAN пена 70 ULTRA FAST, 870 мл 1 шт	tytan	3700	44
100315284_909937510	Эксперт 171-125 125х22.2 мм	Эксперт	2100	1
160854887_459879410	Пистолет Tulex полузакрытый 4001631 для баллонов 310 мл	Tulex	2800	1
120872625_804095626	Сверло Tulex по металлу 60121-3-S10 3 мм, 10 шт.	Tulex	2100	1
100261203_781854285	Эксперт отвертка с магнитным наконечником 149102-1-150 PH1х150 мм, 1 шт.	Эксперт	880	1
101929600_246454766	Диск отрезной абразивный 125x22х1.2 мм, Эксперт 174-125-1.2	Эксперт	260	10
109751978_660224315	Профиль ВК-Профиль направляющий ПН 100/40	ВК-Профиль	2450	12
736647569	Кисть плоская (КП) Эксперт 25 мм, 12 шт. арт.12025	ekspert	750	12
136366431	Саморез по дереву (3.5х30 мм), 200 шт.		800	200
101602419_211796378	Герметик Akfix 100Е универсальный, цвет белый 280 мл	Akfix	1350	24
116287899_678939131	Tulex ножовка по дереву 5011040	Tulex	3700	1
101832797_577044692	Профиль Knauf стоечный ПС 75/50, 0.6 мм	knauf	3300	8
132800991_653099566	Кисть плоская (КП) Tulex 100 мм, 1 шт. арт.121100	Tulex	1030	12
488835413	Akfix двухкомпонентный Эпоксидный клей для металла AKFIX EA105 57 г	akfix	2640	48
104327592_120611365	Жидкие гвозди Akfix 310 GA200	Akfix	2800	24
123448700_880621741	Шпатель гладилка Tulex 13 мм, нержавеющая сталь арт. 3011110	Tulex	2390	1
118149413_455215692	Akfix краска SP423154 тон алюминий, 400 мл	Akfix	2500	6
142577313_673909217	Сверло Tulex по керамической плитке 6011204 4 мм, 1 шт.	Tulex	900	1
132801381_993410128	Эксперт совковая лопата 0006-1, рельсовая сталь	Эксперт	1700	2
103912434_222372840	Клей Gaudi Paint Супер Мастика готовый 7 кг	Gaudi Paint	7000	3
106184983_259322992	Сверло Эксперт КОРОНА 143-150-13 13x150 мм	Эксперт	490	1
100394986_392576114	Эксперт 172-180 180х22.2 мм	Эксперт	4150	1
145126719_610926149	Коронка Tulex 601013-083 биметаллическая D 83 мм, 1 шт	Tulex	5600	1
118463258_074969992	Кисть плоская (КП) Эксперт 25 мм, 1 шт. арт.малярная кисть 15025	Эксперт	370	12
347386901	Akfix краска Аэрозольная акриловая краска Akfix RAL 1015 кремовая, глянцевая, 400 мл тон кремовый, 400 мл	akfix	1350	6
240167589	Шлифовальный круг Tulex 230 мм, абразивный материал Р180, 5 шт. арт. 85211-240	tulex	990	1
135903494_557308891	Tulex шлифовальный лист P40 (280х230 мм), 5 шт	Tulex	845	1
142873366_305779125	Tulex шлифовальный лист P80 (28х23 мм), 5 шт	Tulex	745	1
130714805	Табурет Табурет 45х30х30, 45x30x30 см, коричневый 1 шт.		5000	1
109607836_519836228	Герметик TYTAN высоко-температурный, цвет черный 280 мл	tytan	2940	24
134021606_584079924	HAUSER малярная лента 48 мм х 40 м, 1 шт	hauser	820	55
123443049_354598783	Сверло Эксперт по металлу 1410-S13 10 мм, 13 шт.	Эксперт	3500	1
345835902	H7 внешняя съемная петля с доводчиком , сталь, цинк 200 шт		250	200
106275267_967469709	Tulex ножовка по дереву 5011140	Tulex	3080	1
110743164_164012208	Диск отрезной абразивный 180x22х1.4 мм, Tulex 8004180	Tulex	500	10
151775489_196906249	Конфирмат 500 шт, металл, 6,3х50 мм	Без бренда	5500	6
100251644_704986264	ЭКСПЕРТ 57105-45 450 мм	Эксперт	2790	1
130589186_964527262	TYTAN краска Art of the colour тон мятно-зеленый, 400 мл	tytan	1630	32
122545266_752400164	Валик малярный Tulex 2014424 1 шт	tulex	2100	5
149497358_772770211	Профиль Hitec Profil направляющий ПН 28/27, 0.6 мм	hitec-profil	2000	120
101903371_034874021	Кисть плоская (КП) Эксперт 20 мм, 1 шт. арт.Аква 15020	ekspert	340	11
143313356_139196472	Tulex кельма для штукатурки 190 мм	Tulex	1900	1
103421546_324919473	TYTAN клей-пена 60 секунд, 750 мл 1 шт	tytan	3850	17
110811121_866101011	Tulex рулетка бытовая DOUBLEHOOK 7001275, 7.5 м х 25 мм	Tulex	3490	1
245297712	Табурет Табурет 45х30х30, 45x30x30 см, белый 1 шт.		5000	1
116139939_029321464	Сверло Tulex по металлу 60121-6 6 мм, 1 шт.	Tulex	790	1
105321164_302950973	Эксперт рулетка бытовая 7205, 5 м х 25 мм	Эксперт	990	1
219251397	Tulex бита 5131225-S2 2 шт	tulex	2200	1
105886012_061654728	Насадка-миксер Эксперт 52640 SDS 60 мм	ekspert	1650	2
136423855_299110807	Спрей IRFix Антистикер 150 мл 0.2 кг	IRFix	1550	11
105216841_688695816	Эксперт бур 610-260-06 SDS-plus 1 шт	Эксперт	785	1
101600270_892750116	Эксперт 752-080 80 см	Эксперт	5000	1
700603692	Герметик TYTAN Герметик TYTAN малярный акриловый, цвет белый 280 мл	tytan	2450	40
108802552_358257505	TULEX Плоскогубцы 5001020 комбинированные 200мм	Tulex	3698	1
134420617_944368339	Tulex совковая лопата 0011603, рессорно-пружинная сталь	Tulex	5600	1
561092866	Шпатель фасадный Tulex 150 мм, нержавеющая сталь арт. Шпатель фасадный TULEX 3001215-1	tulex	750	1
109947165_753441784	Коронка Эксперт 1425-14 1 шт	Эксперт	1100	1
110167704_851531216	Минеральный утеплитель Knauf стекловата TS 040 Aquastatik 1300x610x50 мм	Knauf	13000	1
907689642	Эксперт рулетка строительная 7603, 3 м х 16 мм	ekspert	1200	1
101274644_264074946	Эксперт молоток ЭКСПЕРТ 593-02	Эксперт	2300	1
100070870_003136306	Краска Alina Paint водоэмульсионная Optima 15 кг, белый цвет	alina-paint	13750	2
152652415_018239590	Эксперт штыковая лопата 0001-1, рельсовая сталь	Эксперт	1500	2
116310198_921732092	Универсальный Эксперт 8118 красный	Эксперт	790	5
107444538_607672517	PUFAS концентрат-колер, 13 травянисто зеленый, 20 мл	PUFAS	1990	10
578921418	Кисть плоская (КП) Эксперт 75 мм, 12 шт. арт.12075	ekspert	1500	12
364373341	Akfix краска AKFIX Краска спрей глянцевая оранжевая RAL2008 400ml тон оранжевый, 400 мл	akfix	2500	6
101250577_719073064	PUFAS концентрат-колер, 15 оливково-зеленый, 20 мл	pufas	1990	11
109455325_075883639	Сверло Эксперт 143-140-11, 1 шт.	Эксперт	390	1
142982050_158250916	ExProfil саморез по дереву (4.2х70 мм), 70 шт.	exprofil	500	27
113693990_327105767	Смазка силиконовая IRFIX 40022 0.15 л	IRFIX	1300	11
309475130	Диск отрезной алмазный 125x22.2х10 мм, Tulex Диск алмазный сплошной TULEX 125х22.2мм 8013125	tulex	2900	1
101601149_279287638	Akfix пена 805 монтажная, 750 мл 1 шт	akfix	3200	8
107443622_042216071	PUFAS концентрат-колер, 7 канареечно-желтый, 20 мл	PUFAS	1990	10
112205318_096168109	Tulex ножовка по дереву 5011045	Tulex	3440	1
146458349_329657712	ExProfil дюбель-нагель монтажный, универсальный 6х60 мм, 100 шт	exprofil	900	26
139090895_410787932	Шлифмашина угловая Tulex TG-230-2.4	Tulex	38000	1
131425963_627023999	Шпатель фасадный Tulex 600 мм, нержавеющая сталь арт. 3001260	Tulex	1450	1
152630502_837289859	Шлифовальный круг Tulex 125 мм, абразивный материал Р400, 5 шт. арт. 85201-125-400	Tulex	355	1
136615500_914394406	TYTAN клей-пена TYTAN пена-клей ПРОФ быстрый, универсальный, 60 сек, 750 мл, 750 мл 1 шт	tytan	4490	59
113094556_191931523	Сверло Tulex по керамической плитке 6011406 6 мм, 1 шт.	Tulex	1150	1
138729201_225706111	Герметик Akfix SA041, цвет прозрачный 280 мл	Akfix	2150	24
108408561_663183580	Akfix клей-аэрозоль 705 GA065B 400 мл бесцветный	akfix	2800	24
101600059_670225089	Эксперт 752-040 40 см	Эксперт	2900	1
107454216_476608924	PUFAS концентрат-колер, 43 молодая зелень, 20 мл	PUFAS	1990	10
106193214_605302810	Кисть плоская (КП) Эксперт 38 мм, 1 шт. арт.12038	Эксперт	490	12
103188703_334435956	Кисть плоская (КП) Эксперт 50 мм, 1 шт. арт.16050	Эксперт	890	12
100306277_595216768	Эксперт 172-115 115х22.2 мм	Эксперт	1700	1
133415605_484591851	Многофункциональный инструмент Tulex TRC-400	Tulex	21900	1
4740572	Akfix эмаль глянцевая Аэрозольная акриловая краска Akfix RAL 1003, желтая глянцевая, 400 мл 0.4 л, тон желтый	akfix	1500	6
110063249_640411529	Диск отрезной алмазный 180x22.2х1.8 мм, Tulex 8011180	Tulex	4600	1
105870690_349767095	Сверло Эксперт 143-092-06 6x93 мм	Эксперт	210	1
118159725_514893646	Akfix краска SP423057 тон 6005 зеленый мох, 400 мл	akfix	1400	6
609213296	Лом-гвоздодер Эксперт 51318-60, 1	ekspert	3500	1
114975187_868789903	Шпатель фасадный Эксперт 200 мм, нержавеющая сталь арт. 3120	Эксперт	780	1
101274619_009737986	Эксперт молоток слесарный ЭКСПЕРТ 59002-08	Эксперт	3500	1
606170049	Шуруп по гипсокартону (4.2х13 мм), 100 шт.		900	40
159532069_958231856	Штыковая лопата Capstone 90111-0, нержавеющая сталь	Capstone	2350	2
713512265	Эксперт рулетка строительная 7375, 7.5 м х 25 мм	ekspert	2200	1
105590274_458440585	Шпатель зубчатый Эксперт 350 мм, нержавеющая сталь арт. 3235	Эксперт	799	1
148531592_064715056	Краскопульт Tulex TSG-500	Tulex	17900	1
109798881_130556513	Профиль Кармет стоечный ПС 75/50	Кармет	1660	98
100624923_439747891	Alina Paint эмаль матовая Emalika 1 кг, тон белый	Alina Paint	4500	3
110677840_996968627	Эксперт кирка 5102-60	Эксперт	4900	1
104767753_492504035	Герметик Penosil Premium Bitum Sealant, цвет черный 280 мл	Penosil	2200	12
145178323_056361349	Клей Wantong.kz двухкомпонентный MITREAPEL 400 мл	wantong-kz	2100	27
137197159_841872006	ПЕНОПЛЭКС КОМФОРТ экструдированный пенополистирол (XPS) 118.5х 58.5 см, толщина 20 мм	ПЕНОПЛЭКС	15500	2
104418465_405822811	Эксперт бур 610-110-04 SDS-plus 1 шт	Эксперт	440	1
104185676_973949832	Эксперт 14723-04-050-02 2 шт	Эксперт	720	1
109790032_677892436	Эксперт бита 14722-02-100-01 1 шт	Эксперт	1200	1
101602461_765420058	Герметик Akfix 100Е универсальный, цвет коричневый 280 мл	akfix	1890	24
104400814_249984122	Шпатель зубчатый Эксперт 150 мм, нержавеющая сталь арт. 3215	Эксперт	410	1
121341682_349165780	Дисковая пила Tulex TULEX TS-190-1.6, электрическая	Tulex	26700	1
124332185_830797164	Tulex шлифовальная лента в рулоне P180 (5000х100 мм), 1 шт	Tulex	990	1
106133752_903695447	Кисть плоская (КП) Эксперт 20 мм, 1 шт. арт.14020	Эксперт	280	12
119896226_799262935	Коронка Tulex 60113-38 алмазная D 38 мм, 1 шт	Tulex	3010	1
108601663_865319346	Akfix краска Spray Paint железно-серый 400 мл	akfix	1950	6
101246718_029492634	PUFAS концентрат-колер, 18 оранжевый, 20 мл	PUFAS	1990	10
146397871_411557804	ExProfil дюбель-нагель монтажный, универсальный 8х60 мм, 100 шт	ExProfil	1750	20
106169959_567484796	Кисть плоская (КП) Эксперт 100 мм, 1 шт. арт.12100	Эксперт	2200	12
101246721_195800000	PUFAS концентрат-колер, 13 травянисто-зеленый, 20 мл	PUFAS	1990	10
124332243_379154350	Tulex набор отверток диэлектрическая 5020121-S8 набор из 8	Tulex	4900	1
101601939_091674658	Akfix пена 872 MEGA PROFESSIONAL, 850 мл 1 шт	akfix	2800	11
118449024_917573496	Стержень-удлинитель Tulex 2002003 1 шт	tulex	2800	2
148241270_493173215	Эксперт рулетка строительная, бытовая 7575, 7.5 м х 25 мм	Эксперт	3100	1
109330067_423190116	Шпатель фасадный Эксперт 300 мм, нержавеющая сталь арт. 3130	Эксперт	1150	1
110074419_579315836	Коронка Эксперт 1425-08 1 шт	Эксперт	900	1
152630428_637893442	Шлифовальный круг Tulex 125 мм, абразивный материал Р320, 5 шт. арт. 85201-125-320	Tulex	355	1
104373457_730726771	Сверло Эксперт 144-152-16 16x152 мм	Эксперт	560	1
123442554_036838567	Сверло Эксперт по металлу, набор 1410-S8 10 мм, 8 шт.	Эксперт	6900	1
116304182_504611992	Диск отрезной алмазный 115x22.2х1.8 мм, Tulex 8011115	Tulex	1790	1
145129222_934862168	Коронка Tulex 60113-75 алмазная D 75 мм, 1 шт	Tulex	6800	1
109490042_022364415	Tulex кувалда безынерционный тупоносая 5052015 1.5 кг	Tulex	5045	1
107573189_752639460	TYTAN краска Art Of The Colour синий 400 мл	tytan	1630	37
128163447		akfix	6500	36
145137551_689739851	Сверло Эксперт перьевое 144-152-24 24 мм, 1 шт.	Эксперт	700	1
106263810_940329491	Tulex DualAutoLock 7001105 5 м	Tulex	1700	1
123870527_099612244	Коронка Tulex 60113-65 алмазная D 65 мм, 1 шт	Tulex	4900	1
115876592_062618774	Akfix клей L270 50 мл красный	Akfix	3450	120
106263830_348072484	Tulex 7001110 7001110 10 м	Tulex	3100	1
143278611_556447539	Tulex дрель-шуруповерт TDS-300	Tulex	12900	1
101902528_216381035	Эксперт Эко 14025	Эксперт	220	10
747133528	Akfix краска Акриловая аэрозольная краска темно синий тон темно-синий, 400 мл	akfix	1500	6
101902509_038040471	Эксперт Универсал 11025	ekspert	315	6
101902516_583734730	Кисть флейцевая (КФ) Эксперт 75 мм, 1 шт. арт.Универсал 11075	Эксперт	645	12
101903375_262702377	Кисть плоская (КП) Эксперт 100 мм, 1 шт. арт.Аква 15100	Эксперт	1100	12
101600041_222101606	Эксперт 753-100 100 см	Эксперт	5930	1
115748422_816198765	Эксперт ковш штукатурный 0.4 л	Эксперт	1500	1
109491039_032867548	Топор Tulex 5053010	Tulex	4990	1
297455882	Магнит , 50 шт, сталь, золотистый		400	50
108061323_786364659	Профиль Направляющий ПН 75/40, 0.55 мм	Без бренда	1890	12
116100959_699472732	Сверло Tulex по металлу 60121-2,5-S2 2.5 мм, 2 шт.	Tulex	390	1
865850866	МДФ 2080x2070x16 мм, дуб		25000	5
101246698_199263586	PUFAS концентрат-колер 10 красный 0.02 л	PUFAS	1990	9
400730029	Akfix краска Аэрозольная краска Серебристая серая RAL7001 тон серебристо-серый, 400 мл	akfix	1500	6
397106995	Кисть плоская (КП) Эксперт 25 мм, 12 шт. арт.12025	ekspert	750	12
110036138_245601150	Кисть плоская (КП) Эксперт 100 мм, 1 шт. арт.17100	Эксперт	890	12
107536991_598731664	Клей TYTAN монтажный Fix GT 290 мл	tytan	4900	29
116155348_147026454	Сверло Tulex по металлу 60121-9 9 мм, 1 шт.	Tulex	1790	1
110890768_997080642	Биты торсионные TULEX 5031225 кованые, PH2, 50мм(2шт/уп)	tulex	1200	1
109263485_963898382	TYTAN клей-пена GUN Универсальный, 750 мл 1 шт	TYTAN	4900	48
101250482_355274985	PUFAS концентрат-колер, 6 кукурузно-желтый, 20 мл	PUFAS	1990	9
118463246_335928420	Кисть плоская (КП) Эксперт 38 мм, 1 шт. арт.малярная кисть 11038	Эксперт	340	12
113230045_998549795	Герметик TYTAN малярный, цвет белый 280 мл	tytan	2100	39
143278636_278427632	Шлифмашина угловая Tulex TG-125-0.8	Tulex	15000	1
102527520_228478254	Пистолет для пены Эксперт 4304 бытовой	Эксперт	2750	1
123441828_917335898	Сверло Tulex по металлу, набор 60121-S19 10 мм, 19 шт.	Tulex	17600	1
152630405_636236325	Шлифовальный круг Tulex 125 мм, абразивный материал Р120, 5 шт. арт. 85201-125-120	Tulex	355	1
118251184_157490618	Пильный диск по дереву Эксперт 175-125-36T-22, 125x22 мм, 36Т	Эксперт	1690	1
134446720_086982147	Эксперт киянка 541-680	Эксперт	5600	1
101576772_858714506	Минеральный утеплитель ТЕХНОНИКОЛЬ Роклайт 1200х600х50 мм 8 шт	tehnonikol-	6790	12
104418459_273819726	Эксперт бур 610-210-08 SDS-plus 1 шт	Эксперт	770	1
152405506_489442091	Шлифовальный круг Tulex 125 мм, абразивный материал Р180, 1 шт. арт. 85202-125-180	Tulex	365	1
103917253_112875157	Эксперт малярная сетка 90 м х 50 мм, 131-5-90	Эксперт	1690	1
104253671_883951833	Сверло Эксперт 144-152-32 32x152 мм	Эксперт	800	1
110054314_080213812	Шпатель фасадный Tulex 150 мм, нержавеющая сталь арт. 3001115	Tulex	2950	1
103964764_757216529	Герметик Penosil Premium акриловый, цвет белый 280 мл	penosil	1410	9
118425122_729091950	Tulex отвертка 5022215 PH2х150 мм	Tulex	2800	1
120046826_279693973	Tulex дрель-шуруповерт TDC-12-1	Tulex	17900	1
147332536_531443163	Akfix пена Пена-утеплитель MEGA монтажная 850 мл, FA014, 850 мл 1 шт	akfix	4750	12
147129275_077597762	Пистолет TYTAN полузакрытый Tytan VECTOR для баллонов 280 мл	tytan	5700	8
101600348_352435917	Эксперт 751-060 60 см	Эксперт	4400	1
103934905_940086940	Валик малярный Эксперт Velur EXPRO 2424 1 шт	Эксперт	1990	1
700607263	Бур SDS-plus Эксперт 610-160-07, 7х160 мм, 1 шт	ekspert	900	1
152612875_993596620	Tulex лепестковый диск 85231-115-80 115x22.2 мм 1 шт	Tulex	455	1
144954879_211354245	Akfix клей-пена 960P, 800 мл 1 шт	Akfix	4000	11
101902517_608818003	Кисть флейцевая (КФ) Эксперт 100 мм, 1 шт. арт.Универсал 11100	ekspert	900	9
101246732_500215126	PUFAS концентрат-колер, 3 рыжевато-коричневый, 20 мл	PUFAS	1990	10
118046449_439873463	Шпатель зубчатый Эксперт 200 мм, нержавеющая сталь арт. 3220	Эксперт	730	1
101696127_823318959	Akfix краска Spray Paint карминно-красный 400 мл	akfix	1500	6
742380900	Penosil Penosil Cleaner 949 очиститель неотвержденной монтажной пены, 450 мл	penosil	1500	9
101600048_796539573	Эксперт угольник 300 мм (763-030)	Эксперт	2470	1
148509854_369550932	Фен строительный Tulex THG-2000	Tulex	10100	1
119332426_186765814	Гвоздезабивной пистолет 314288918, пороховой		4800	6
143190514_225788194	Penosil клей-пена FixFoam 877, 750 мл 1 шт	Penosil	3400	12
148911732	Табурет Табурет 45х32х32 см, 45x32x32 см, черный 10 шт.		7000	10
142550529_263903152	Светильник настенно-потолочный LOBRUN LED 36 Вт белый	LOBRUN	2400	9
134424406_977789548	Кисть плоская (КП) Tulex 75 мм, 1 шт. арт.110075	Tulex	1250	12
119374533_226317631	Tulex совковая лопата 0011600, алюминий	Tulex	1900	2
813991069	Шлифовальный круг Tulex 230 мм, абразивный материал Р60, 5 шт. арт. 85211-60	tulex	990	1
101417931_913801075	Клей TYTAN монтажный Fix 2 290 мл	tytan	4200	20
132810557_676742481	Коронка Tulex 601013-038 биметаллическая D 38 мм, 1 шт	Tulex	3500	1
136617928_906113745	Герметик TYTAN TYTAN силикон универсальный (280мл) бесцветный (КНР), цвет прозрачный 280 мл	tytan	1990	3
980749723	Бур SDS-plus Эксперт ЭКСПЕРТ Бур по бетону, хвостовик, 610-260-08, SDS-Plus, 8x260 мм, 8х260 мм, 1 шт	ekspert	1200	1
101600331_654402367	Эксперт 751-100 100 см	Эксперт	5400	1
109100806_250035905	Коронка Эксперт 1425-60 1 шт	Эксперт	3800	1
128588733_211276094	QUELYD очиститель Антиплесень бесцветный, 0.5 л	QUELYD	2650	2
110384337	Бур SDS-plus Эксперт Эксперт Бур по бетону, хвостовик SDS-Plus, 14 х 160 мм, 14х160 мм, 1 шт	ekspert	1600	1
105870708_754696858	Сверло Эксперт 143-115-08 8x110 мм	Эксперт	280	1
700061301	Бур SDS-plus Эксперт Эксперт Бур по бетону, хвостовик SDS-Plus, 12*260 мм, 12х260 мм, 1 шт	ekspert	1390	1
142982036_580666182	ExProfil саморез по дереву (3.5х30 мм), 180 шт.	exprofil	800	25
121166304_551179527	Tulex дрель-шуруповерт TDC-12-2 12 В	Tulex	25400	1
109474478_257179907	Герметик Penosil Premium Universal 305, цвет белый 280 мл	Penosil	1940	12
101246630_150137396	PUFAS концентрат-колер 46 слоновая кость 0.02 л	PUFAS	1990	7
104141850_083244270	Шпатель фасадный Эксперт 250 мм, нержавеющая сталь арт. EXPRO 3125	Эксперт	1190	1
158487296_194698475	Клей IRFix универсальный Spray Fix 400 мл	IRFix	3500	4
104253672_160357170	Сверло Эксперт 144-152-38 38x152 мм	Эксперт	950	1
101902506_315700238	Кисть флейцевая (КФ) Эксперт 18 мм, 1 шт. арт.11020	Эксперт	700	12
118006751_949658697	Шпатель фасадный Tulex 10 мм, сталь арт. 3001110	Tulex	940	1
148531690_127075326	Tulex дрель-шуруповерт TDL-21/55-2	Tulex	26500	1
104789627_038148304	Клеевой пистолет Эксперт 4411-50	Без бренда	3300	1
134659786	Эксперт рулетка строительная 7675, 7.5 м х 25 мм	ekspert	2290	1
110748419_829538825	Кисть плоская (КП) Эксперт 75 мм, 1 шт. арт.18075	Эксперт	900	12
102126160_550657787	AlinEX Joint 5, цвет белый	AlinEX	3500	5
109455220_917645240	Сверло Эксперт 143-120-10, 1 шт.	Эксперт	380	1
345659084	Tulex кувалда 5052013	tulex	7450	1
101696151_973779918	Akfix краска Spray Paint изумрудно-зеленый 400 мл	akfix	1500	6
116139958_514187647	Сверло Tulex по металлу 60121-7 7 мм, 1 шт.	Tulex	1090	1
105216837_853375612	Эксперт бур 610-160-06 SDS-plus 1 шт	Эксперт	530	1
123442106_678331652	Сверло Эксперт по металлу, набор 1410-S6 8 мм, 6 шт.	Эксперт	2850	1
112810709_397056031	Профиль Стоечный ПС 100/50		3750	36
110835074_740034998	Tulex 8015125-40 125x22.23 мм, 40Т	Tulex	2100	1
116155361_709622253	Сверло Tulex по металлу 60121-4-S2 4 мм, 2 шт.	Tulex	850	1
113308441_744096330	Ручной заклепочник Эксперт 4601	Эксперт	3000	1
113973742_218886182	Коронка Эксперт 1425-75 алмазная 75 мм L 65 мм, 1 шт	Эксперт	4800	1
101635051_354399644	Пильный диск по дереву Эксперт 175-110-40Т-22, 110x22.23 мм, 40Т	Эксперт	1780	1
103979897_216718918	Валик малярный Эксперт TexPro 2218 1 шт	Эксперт	1990	1
101929619_314687976	Эксперт 174-125-1.4 125x22 мм	Эксперт	390	25
152613201_326035753	Tulex лепестковый диск 85231-125-40 125x22.2 мм 1 шт	Tulex	490	1
112339891_385091494	Шпатель фасадный Эксперт 150 мм, нержавеющая сталь арт. 3115	Эксперт	590	1
101902539_385331674	Кисть плоская (КП) Эксперт 63 мм, 1 шт. арт.14063	ekspert	690	9
142141464	H7 навес внешний несъемный петля с доводчиком , цинк 200 шт		200	185
110285601_746068703	Эксперт набор бит 147250-10 10 шт	Эксперт	1600	1
135578006_552403064	Диск отрезной алмазный 180x22.2х1 мм, Tulex 8013180	Tulex	6700	1
112330640_158235700	Пистолет Эксперт закрытый 4330 300 мл	Эксперт	4470	1
119896294_088518268	Коронка Tulex 60113-40 алмазная D 40 мм, 1 шт	Tulex	2800	1
106186120_948674386	Эксперт киянка 532-680	Эксперт	2700	1
102997803_498942225	Эксперт отвертка 149301-S21, 21 шт.	Эксперт	1950	1
108260456_646162571	Tulex плоскогубцы 5001018 180 мм	Tulex	3220	1
108432113_281997862	Клей Akfix эпоксидный E340 25 мл	akfix	2450	11
108717749_989797173	Профиль Knauf стоечный ПС 50/50 0.6 мм	knauf	2230	3
129946439_915488210	Валик малярный Tulex 2126825 1 шт	Tulex	2500	1
110811116_274681876	Tulex DOUBLEHOOK 7001203 3 м	Tulex	1300	1
138694885_746282903	Герметик Akfix 1500 C, цвет черный 310 мл	Akfix	3999	12
115752558_061010906	Ножницы строительные Tulex 5006225	Tulex	4590	1
101274616_482501373	Эксперт молоток слесарный тупоносая безынерционная ЭКСПЕРТ 59002-02 0.2 кг	Эксперт	2500	11
152613474_240702894	Tulex лепестковый диск 85231-125-60 125x22.2 мм 1 шт	Tulex	490	1
492950642	Кисть плоская (КП) Tulex 63 мм, 12 шт. арт.110063	tulex	1000	12
118609692_564106470	Кисть макловица (КМА) Эксперт 75 мм, 1 шт. арт.1475-170	Эксперт	2190	1
135903279_490691991	Tulex шлифовальный лист P180 (280х230 мм), 5 шт	Tulex	990	1
107573181_549732158	TYTAN краска Art Of The Colour серебристый металлик 400 мл	tytan	1600	51
107930483_222645242	Akfix клей-аэрозоль GA060B 200 мл бесцветный	akfix	1640	16
104418474_730693742	Эксперт бур 610-110-05 SDS-plus 1 шт	Эксперт	405	1
101274579_878940171	Эксперт кувалда 51101-15	Эксперт	4990	1
108601675_572317276	Akfix краска Spray Paint синий 400 мл	akfix	1500	6
101929623_885011761	Диск отрезной абразивный 125x22х1.6 мм, Эксперт 174-125-1.6	Эксперт	290	10
110042039_311960781	Профиль Stynergy направляющий ПН 28/27	stynergy	900	20
364515502	Эпоксидный 30 кг	horse-strojka	1000000	1
104253650_992705931	Сверло Эксперт 144-152-20 20x152 мм	Эксперт	540	1
110592012_125836958	Эксперт бита 147165-14 1 шт	Эксперт	550	1
101929731_245388147	Эксперт 191-180-6 180x22 мм	Эксперт	1300	5
136215211_990936169	Клей Gaudi Paint Супер мастика мастика 14 кг	Gaudi Paint	20000	3
147363712_783570997	Дисковая пила Tulex TS-165-1.3, электрическая	Tulex	55800	1
103202174_440055489	TYTAN пена Professional STD монтажная всесезонная, 750 мл 1 шт	tytan	2935	59
144168162_840873685	Шпатель фасадный Tulex 450 мм, нержавеющая сталь арт. 3001245	Tulex	1225	1
106185779_089066387	Эксперт бита 147148-13 1 шт	Эксперт	460	1
103917528_748600131	Герметик Penosil Premium Sanitary 303, цвет белый 280 мл	penosil	2100	10
110748421_231996179	Кисть плоская (КП) Эксперт 38 мм, 1 шт. арт.18038	Эксперт	390	12
105870705_479415494	Сверло Эксперт 143-100-07 7x100 мм	Эксперт	240	1
102997815_894390029	Набор универсальный 20 в 1 Эксперт 149302-S20	Эксперт	3650	1
106136448_840688798	Эксперт малярная сетка 20 м х 50 мм, 131-5-20	Эксперт	1990	1
115864113_711442576	Tulex серпянка 50 мм х 100 мм, 3011212	Tulex	5300	2
862787886	Бур SDS-plus Эксперт ЭКСПЕРТ Бур по бетону, хвостовик, 610-210-12, SDS-Plus, 12x210 мм, 16х210 мм, 1 шт	ekspert	1990	1
363597945	Прямоугольные однотонные		2000	2
348023153	Дюбель-гвоздь , 100 шт		2100	36
101274617_224545412	Эксперт молоток слесарный тупоносая ЭКСПЕРТ 59002-03	Эксперт	4690	1
112331639_055841494	TYTAN краска Art Of The Colour тон голубой, 400 мл	tytan	1750	40
105096949_098096631	Герметик силиконовый Penosil General, цвет прозрачный 310 мл	Penosil	2500	8
101274649_878276984	Эксперт молоток ЭКСПЕРТ 593-10	Эксперт	3800	1
108027849_759654041	TYTAN пена Professional STD Эрго зимняя, 750 мл 1 шт	tytan	3480	66
134876823_222809644	Akfix клей-пена Мега профессиональная монтажная пена FA007, 850 мл 1 шт	Akfix	4180	12
106879838_814016865	Клей Gaudi Paint Супер Мастика готовый 1.5 кг	gaudipaint	2200	5
145177173_553151057	Сверло Tulex по керамической плитке 6011405 5 мм, 1 шт.	Tulex	970	1
109105682_823106244	Коронка Эксперт 1425-32 1 шт	Эксперт	2450	1
118117147_289742697	Akfix клей-пена FA009, 800 мл 1 шт	akfix	3100	11
107725841_940717611	Akfix краска Spray Paint красный 400 мл	akfix	1500	6
142919266_210039915	Tulex кордщетка 853131-75 75x14 мм 1 шт	Tulex	580	1
107997663_022754149	PUFAS концентрат-колер, 24 каменисто-серый, 20 мл	pufas	1990	3
109105695_244943638	Коронка Эксперт 1425-40 1 шт	Эксперт	2500	1
118337371_386393241	Стержни для клеевого пистолета Akfix GA120 78 шт	akfix	3490	16
104840810_142139314	Герметик Akfix AC605, цвет белый 310 мл	Akfix	1350	24
109311615_240594187	Tulex уровень пузырьковый Perfect 7012308 80 см	tulex	9000	1
110962709_694006096	Ножка SHOSA-01, 1 шт, пластик, черный		127	4
147447210_938058302	Tulex направляющая TT-140	Tulex	19800	1
106213573_441696695	Табурет ZAGA ZTB, 45x30x30 см, белый	zaga	2800	32
101603171_571718215	Герметик Akfix 900N для зеркал, цвет прозрачный 310 мл	akfix	2500	24
106186131_442320893	Эксперт киянка 532-900	Эксперт	3200	1
101417932_151019068	Клей TYTAN монтажный для Зеркал 310 мл	tytan	2270	33
101602506_374525763	Сверло Эксперт 142-060-4	Эксперт	440	1
101602373_337143312	Герметик Akfix 100S санитарный, цвет белый 280 мл	akfix	1850	23
110036205_634303810	Кисть плоская (КП) Эксперт 75 мм, 1 шт. арт.17075	Эксперт	450	12
135861696_319869274	Сверло Tulex ступенчатое 60120-04-20 20 мм, 1 шт.	Tulex	4800	1
115737199_636158849	Герметик Akfix ATL2701, цвет зеленый 50 мл	akfix	3450	120
110530874_624771114	Эксперт набор бит 147148-08-S10 10 шт	Эксперт	2400	1
107573179_391032845	TYTAN краска Art Of The Colour желтый 400 мл	tytan	1440	24
133984169_603281571	Валик малярный Эксперт 2007 1 шт	Эксперт	590	1
105054101_137304885	Сверло Эксперт 144-152-14 14x152 мм	Эксперт	470	1
730030257	APEL универсальный Клей ПВА D3 APEL 10 кг	mitreapel	19300	1
106128690_191141811	Эксперт молоток слесарный тупоносая 595-45	Эксперт	3100	1
117940957_203896469	Akfix пена 805P, 850 мл 1 шт	Akfix	4000	6
101634773_944640460	Сверло Эксперт 142-065-5	Эксперт	630	1
103070017_094042230	Эксперт молоток слесарный тупоносая 595-56 0.56 кг	Эксперт	2950	1
105054099_724482983	Сверло Эксперт 144-152-12 12x152 мм	Эксперт	440	1
136620375_886859038	Герметик TYTAN TYTAN герметик для кровли (310 мл) черный, цвет черный 310 мл	tytan	2690	11
104418452_496759696	Эксперт бур 610-160-10 (SDS-plus, 10х100х160 мм) 1 шт	Эксперт	610	1
109242390_577665653	Кисть плоская (КП) Эксперт 50 мм, 1 шт. арт.17050	Эксперт	690	12
106186139_878165029	Эксперт кирка 5101-40	Эксперт	4500	1
129477398_399655002	Насадка-миксер Эксперт 51160 SDS-Plus хвостовик 600х100 мм	ekspert	2550	2
138020439_283464843	Эксперт бур 610-160-08 (SDS-plus, 8х110х160 мм) 1 шт	Эксперт	790	1
115823901_923628747	Перфоратор Tulex THC-850 3.2 Дж, SDS-Plus	Tulex	31500	1
100359327_777470874	TYTAN краска Art of the colour тон черный, 400 мл	tytan	1600	128
132813123_360016528	Кисть плоская (КП) Tulex 63 мм, 1 шт. арт.121063	Tulex	700	12
141305407_387427454	Краска Alina Paint водоэмульсионная NORMA Arctic 15 кг, белый цвет	Alina Paint	11000	1
109489612_701788685	Tulex отвертка ударная 5021615 SL6.3х100 мм, 1 шт.	Tulex	2080	1
133421797_690792619	Перфоратор Tulex THC-650 2.4 Дж, SDS-Plus	Tulex	26900	1
108276854_790179052	Эксперт киянка 531-680 0.68 кг	Эксперт	3300	1
139590848_062373391	Жидкие гвозди Akfix акриловый 310 мл	akfix	1950	23
119374534_202899195	Tulex совковая лопата 0011400	Tulex	3900	2
112481824_569799742	Герметик TYTAN Силиконовый санитарный, цвет прозрачный 280 мл	tytan	2500	36
152630413_188806010	Шлифовальный круг Tulex 125 мм, абразивный материал Р60, 5 шт. арт. 85201-125-60	Tulex	365	1
119812288_464342445	TYTAN краска TYTAN PROFESSIONAL ART OF THE COLOUR тон золотистый, 400 мл	tytan	2000	72
109098621_121483040	Akfix краска Spray Paint черный 400 мл	akfix	1500	6
101832774_563945638	Профиль Knauf ГКЛ ПН 75/40 3000x0.6 мм	knauf	2790	8
101403921_579664917	Герметик TYTAN специализированный для кровли, цвет прозрачный 310 мл	tytan	2520	21
103305407_868877786	Эксперт сеткодержатель 1515-210 1 шт	Эксперт	1700	2
105395459_164551053	Валик прижимной Эксперт 20124 1 шт	Эксперт	3400	1
104253861_228405086	Сверло Эксперт 1424-100-12 12x100 мм	Эксперт	1670	1
109490192_884296944	Tulex молоток столярный тупоносая 5051045	Tulex	3500	1
124332172_203300240	Tulex шлифовальная лента в рулоне P150 (5000х100 мм), 1 шт	Tulex	1190	1
132800990_603537924	Кисть плоская (КП) Tulex 75 мм, 1 шт. арт.121075	Tulex	2200	12
364034455	Шлифовальный круг Tulex 180 мм, оксид алюминия Р80 1 шт	tulex	1500	1
593052009	Tulex рулетка строительная 7000305, 5 м х 25 мм	tulex	2100	1
136729049_664083460	Табурет Kazakhstan , 45x30x30 см, белый 1 шт.		2950	35
100215869_614296109	Краска Gaudi Paint водно-дисперсионная Белоснежка 4 кг, белый	gaudipaint	2850	1
137901507_300336542	Сверло Эксперт перьевое 144-152-28 28 мм, 1 шт.	Эксперт	870	1
102973758_772645156	Эксперт плоскогубцы 51401-200 200 мм	Эксперт	2750	1
106814939_807294735	Валик малярный Эксперт PaintPRO 2310 1 шт	Эксперт	1200	1
301045435	Шуруп по гипсокартону (3.5х25 мм), 100 шт.		500	40
102997827_587197966	Эксперт 7305 5 м	Эксперт	1250	1
115778757_309236485	ExProfil саморез (3.5х35 мм), 185 шт.	ExProfil	1000	40
101246605_029818486	PUFAS концентрат-колер, 45 теплый терракотовый, 20 мл	pufas	1590	10
110363651_304456415	Akfix клей AA155 310 мл черный	akfix	3950	12
363851998	ExProfil дюбель-гвоздь универсальный 8х72 мм, 50 шт	exprofil	1000	38
109329823_716991236	Tulex уровень пузырьковый 7012310 100 см	Tulex	10490	1
107924610_289971484	Комплект для кухни, стол 120х70 см + 4 табурета, белый		35000	5
112481680_440980998	Герметик TYTAN Силиконовый санитарный, цвет белый 280 мл	tytan	2730	33
105870709_632846233	Сверло Эксперт 143-115-09 9x115 мм	Эксперт	310	1
123894317_473572108	Клей Penosil монтажный SpeedFix Clear 909 280 мл	Penosil	2800	6
109105684_277704714	Коронка Эксперт 1425-45 1 шт	Эксперт	2800	1
109527887_059721237	Клей TYTAN монтажный Декор Экспресс Fix 310 мл, акриловый	tytan	1990	33
102611068_136820752	Шестигранный ключ Г-образный Эксперт арт.14801-01-09, 9 шт	Эксперт	1495	1
102035842_368208873	Краска NORMA водоэмульсионная Stronga 7 кг, белый цвет	norma-strojka	4000	5
536871754	TYTAN монтажный Монтажный, невидимый, мгновенный 290 мл	tytan	4500	35
119872967_915659837	Шпатель малярный Tulex 40 мм, нержавеющая сталь арт. 3001204	Tulex	400	1
147769504_392134014	Эксперт рулетка строительная 7505, 5 м х 19 мм	Эксперт	1500	1
152826059_821280186	Tulex шлифовальный лист P1000 (23х28 мм), 5 шт	Tulex	605	1
104087462_677820018	Пистолет Эксперт скелетный 4131 310 мл черный	Эксперт	2100	1
101602477_330792130	Герметик Akfix 100Е универсальный, цвет серый 280 мл	akfix	2250	24
119895861_076565341	Коронка Tulex 60113-32 алмазная D 32 мм, 1 шт	Tulex	2280	1
101929801_337841191	Шестигранный ключ Г-образный Эксперт арт.14801-02-09, 9 шт	Эксперт	2650	1
135860407_551971046	Сверло Tulex ступенчатое 60120-06-30 30 мм, 1 шт.	Tulex	11900	1
108717488_696581780	Профиль Knauf стоечный ПС 100/50 0.6 мм	Knauf	3750	8
101929632_061352142	Диск отрезной абразивный 180x22х1.4 мм, Эксперт 174-180-1.4	Эксперт	500	10
118117148_836204705	Akfix пена FA011, 750 мл 1 шт	akfix	2950	12
402799565	Саморез по дереву (30х4 мм), 500 шт.		1500	9
101902905_530389266	Эксперт 610-260-10 10x260 мм	Эксперт	840	1
101362520_847074371	Герметик TYTAN высоко-температурный, цвет красный 280 мл	tytan	3120	17
101246602_365279625	PUFAS концентрат-колер, 8 зеленый, 20 мл	pufas	1600	9
100624544_082462164	Alina Paint эмаль глянцевая Emalika 3 кг, тон белый	Alina Paint	11000	3
118166767_821238888	Герметик Akfix Ht300, цвет красный 310 мл	akfix	3200	24
732073058	H7 внешняя съемная петля с доводчиком , сталь, цинк 200 шт		200	200
120746852_107129204	Пильное полотно Tulex 300 мм, 10 шт. арт. 5112230-S10	Tulex	4200	1
343214808	Шлифовальный круг Tulex 180 мм, оксид алюминия Р40 1 шт	tulex	1500	1
145797723_710132430	Шлифовальный круг Tulex 85202-125-120 125 мм, абразивный материал Р120 1 шт	Tulex	400	1
110209857_757173873	Tulex ножовка по дереву 5011240	Tulex	3650	1
108802559_646355914	Tulex плоскогубцы 5001016 160 мм	Tulex	2500	1
121194404_458343284	Валик малярный Эксперт DECOR 2011 1 шт	Эксперт	595	1
141665787_145562436	Герметик Akfix 310, цвет белый 250 мл	akfix	1300	36
116100961_839788185	Сверло Tulex по металлу 60121-4,5-S2 4.5 мм, 2 шт.	Tulex	950	1
101600292_602619961	Эксперт рельс 751-040	Эксперт	2700	1
148531645_626467035	Tulex дрель-шуруповерт TDL-16/40-2	Tulex	27000	1
107156430_050294336	Сверло Эксперт 1441-35, 1 шт.	Эксперт	1300	1
121341032_296494485	Дисковая пила Tulex TULEX TS-165-1.4, электрическая	Tulex	24800	1
101602457_031196293	Герметик Akfix 100Е универсальный, цвет черный 280 мл	akfix	1540	24
110427239_689390854	Akfix клей-пена 967P быстросохнущий, 750 мл 1 шт	Akfix	3500	12
130559339_071528212	Герметик TYTAN Универсальный, цвет коричневый 280 мл	tytan	2450	18
120389464_532217989	Сверло Tulex по металлу 60121-5-S10 5 мм, 10 шт.	Tulex	5660	1
110108769_727144616	Сверло Эксперт 1441-10 1 шт	Эксперт	800	1
119896091_262019027	Коронка Tulex 60113-35 алмазная D 35 мм, 1 шт	Tulex	2450	1
107054258_220662233	Профиль Потолочный ПП 60/27, 0.4 мм		700	45
133421927_266444614	Перфоратор Tulex TVC-1000 4 Дж, SDS-Plus	Tulex	32300	1
138095552_667674974	Tulex отвертка 5022320 PH3х200 мм	Tulex	3800	1
108432087_002406103	Герметик Penosil Premium Universal, цвет черный 280 мл	Penosil	1980	12
102985252_863337502	Клей Gaudi Paint Супер Мастика готовый 3.5 кг	gaudipaint	3200	3
118847402_645128686	Пистолет TYTAN скелетный 00020237828 310 мл	tytan	6000	8
146538892_562507493	Минеральный утеплитель ISOBOX стекловата 5490x1220x50 мм	ISOBOX	8200	1
101600111_239463265	Эксперт 752-060 60 см	Эксперт	3690	1
101246577_268498420	PUFAS концентрат-колер, 4 оксид-красный, 20 мл	PUFAS	1990	1990
110037900_495535437	Tulex 8015115-24 115x22.23 мм, 24Т	Tulex	1700	1
152361750_094694286	Шлифовальный круг Tulex 125 мм, абразивный материал Р320, 1 шт. арт. 85202-125-320	Tulex	365	1
109049778_447668103	Клей Akfix холодная сварка E350 57 г	Akfix	1800	48
121395950_820578555	Насадка-миксер Эксперт 51640 SDS SDS-Plus хвостовик 400х60 мм	ekspert	1600	2
121703420_635452311	Эксперт бокорезы 51405-160 160 мм	Эксперт	1980	1
132778119_595711945	Коронка Tulex 601013-022 биметаллическая D 22 мм, 1 шт	Tulex	1970	1
100930694_032852374	TYTAN пена Professional 65 зимняя, 750 мл 1 шт	tytan	3100	5
116155341_126728854	Сверло Tulex по металлу 60121-3,2-S2 3.2 мм, 2 шт.	Tulex	610	1
152405553_551992947	Шлифовальный круг Tulex 125 мм, абразивный материал Р600, 5 шт. арт. 85201-125-600	Tulex	345	1
107630072_576636767	Эксперт набор бит 147250-01 1 шт	Эксперт	200	10
106275272_264650336	Tulex ножовка по дереву 5011145	Tulex	3800	1
105259784_123418860	Шпатлевочная смесь AlinEX Finish 5 кг, полимерная	AlinEX	3800	10
152630414_440843806	Шлифовальный круг Tulex 125 мм, абразивный материал Р180, 5 шт. арт. 85201-125-180	Tulex	345	1
146397461_812631597	ExProfil дюбель-нагель монтажный, универсальный 6х40 мм, 100 шт	exprofil	900	27
450840017	Кисть плоская (КП) Эксперт 50 мм, 12 шт. арт.18050	ekspert	750	12
154063841	TYTAN клей-пена 60 секунд Tytan Professional, 750 мл 1 шт	tytan	4000	18
113951484_013516175	Кисть плоская (КП) Эксперт 63 мм, 1 шт. арт.АКВА 15063	Эксперт	899	12
866156244	Бур SDS-plus Эксперт ЭКСПЕРТ Бур по бетону, хвостовик, 610-210-12, SDS-Plus, 12x210 мм, 14х210 мм, 1 шт	ekspert	1500	1
109330389_420844259	Шпатель зубчатый Эксперт 300 мм, нержавеющая сталь арт. 3230	Эксперт	699	1
118746088_447884751	Валик малярный Эксперт DECOR 2018 1 шт	Эксперт	1200	1
501432266	Tulex рулетка строительная 7000303, 5 м х 25 мм	tulex	1200	1
105259793_973094533	Шпатлевочная смесь AlinEX Finish AR 1 кг, полимерная	AlinEX	5000	3
100303079_365865105	Эксперт 57201-30 300 мм	Эксперт	1900	1
104405099_714490706	Эксперт 7203 3 м	Эксперт	750	1
145126709_715701267	Коронка Tulex 601013-073 биметаллическая D 73 мм, 1 шт	Tulex	5100	1
101457302_300568905	PUFAS концентрат-колер, 43 молодая-зелень, 20 мл	PUFAS	1990	10
109455338_530632983	Сверло Эксперт 143-085-05, 1 шт.	Эксперт	240	1
105896816_475567664	Эксперт бита 147148-08 1 шт	Эксперт	420	1
103461278_540450989	Гипсокартон Knauf 2500x1200x9.5 мм, влагостойкий	knauf	3750	58
110146723_078899649	Эксперт бита 147148-12 1 шт	Эксперт	320	1
101599412_709319779	Эксперт 752-100 100 см	Эксперт	6000	1
108255683_509187870	Akfix клей-герметик Sa111 50 мл бесцветный	Akfix	1450	24
106191717_832925964	Эксперт 7403 3 м	Эксперт	4900	1
105886096_993261660	Насадка-миксер Эксперт 52160 SDS 100 мм	ekspert	2540	2
101601016_668927512	Akfix пена Maximum, 850 мл 1 шт	akfix	3500	12
136599805_617186419	TYTAN пена ПРОФ 65 О2, 750 мл 1 шт	tytan	3800	22
